Product URL,ASIN,Description,Manufacturer,Product Description
https://www.amazon.in/gp/bestsellers/luggage/2917442031/ref=sr_bs_0_2917442031_1,N/A,N/A,N/A,N/A
https://www.amazon.in/gp/bestsellers/computers/1375466031/ref=sr_bs_1_1375466031_1,N/A,N/A,N/A,N/A
https://www.amazon.in/Lenovo-Carrying-15-6-Inch-Toploader-GX40Q17229/dp/B075Y6Y9H5,N/A,N/A,N/A,N/A
https://www.amazon.in/American-Tourister-BACKPACK-COMPARTMENT-ORGANIZER/dp/B0BTD4FK9G,N/A,N/A,N/A,N/A
https://www.amazon.in/Genie-Flamenco2-Backpack-Compatible-Resistant/dp/B08YF9VHTY,N/A,N/A,N/A,N/A
https://www.amazon.in/ADISA-Laptop-Backpack-Office-College/dp/B0BPVCBFM7,N/A,N/A,N/A,N/A
https://www.amazon.in/Half-Moon-Waterproof-Laptop-Backpack/dp/B09QM9N1B3,N/A,N/A,N/A,N/A
https://www.amazon.in/BennettTM-Shoulder-Messenger-Repellent-Charcoal/dp/B09CV24TMK,N/A,N/A,N/A,N/A
https://www.amazon.in/Hilfiger-Connor-Backpack-TH-CONNORLAP07/dp/B07N99SXB1,N/A,N/A,N/A,N/A
https://www.amazon.in/Lavie-Sport-Duffle-Luggage-Wheeler/dp/B0992JCN1W,N/A,N/A,N/A,N/A
https://www.amazon.in/Half-Moon-Backpack-Spacious-Multiple/dp/B0C6N3MYL2,N/A,N/A,N/A,N/A
https://www.amazon.in/Wesley-Milestone-Waterproof-Backpack-Business/dp/B085S444JV,N/A,N/A,N/A,N/A
https://www.amazon.in/ADISA-Womens-Girls-Party-Crossbody/dp/B0B2WBJ2H8,N/A,N/A,N/A,N/A
https://www.amazon.in/Amazon-Basics-Anti-theft-College-Backpack/dp/B0C8NWKRRH,N/A,N/A,N/A,N/A
https://www.amazon.in/Wesley-Milestone-Waterproof-Backpack-Business/dp/B07K8KLB3P,N/A,N/A,N/A,N/A
https://www.amazon.in/Half-Moon-Resistant-Backpack-Compartment/dp/B0BHX7GY16,N/A,N/A,N/A,N/A
https://www.amazon.in/Genie-Clara-Backpack-Women-compartments/dp/B097JJGR1N,N/A,N/A,N/A,N/A
https://www.amazon.in/DZert-Polyester-Black-White-Laptop/dp/B07H193V57,N/A,N/A,N/A,N/A
https://www.amazon.in/gp/bestsellers/shoes/1983354031/ref=sr_bs_2_1983354031_1,N/A,N/A,N/A,N/A
https://www.amazon.in/Tabelito-NEO-Backpack-Business-Compartment/dp/B0C2D24G29,N/A,N/A,N/A,N/A
https://www.amazon.in/Amazon-Basics-Messenger-13-3-Inch-14-Inch/dp/B09WMQ4Y7H,N/A,N/A,N/A,N/A
https://www.amazon.in/Impulse-rucksack-60-backpack-trekking/dp/B09TDL9FJ8,N/A,N/A,N/A,N/A
https://www.amazon.in/Messenger-Water-resistant-Briefcase-Multiple-Men-Black/dp/B0B6G58BYC,N/A,N/A,N/A,N/A
https://www.amazon.in/Shoulder-Lightweight-Duffle-Weekend-Blue-Orange/dp/B09139DYF1,N/A,N/A,N/A,N/A
https://www.amazon.in/Wildcraft-Typo_Blu-Casual-Backpack-11619-Typo_Blu/dp/B079DDV3JD,N/A,N/A,N/A,N/A
https://www.amazon.in/Wildcraft-Typo_Blk-Casual-Backpack-11619-Typo_Blk/dp/B079MBFH5V,N/A,N/A,N/A,N/A
https://www.amazon.in/Gear-Green-Casual-Backpack-BKPECOBP40503/dp/B019HA8DQQ,N/A,N/A,N/A,N/A
https://www.amazon.in/Bennett-15-6-inch-College-Repellent-Backpack/dp/B09WZHX3B1,N/A,N/A,N/A,N/A
https://www.amazon.in/Glowic-Hopping-Shoulder-Handbags-WBAG-34/dp/B09HHNZ47K,N/A,N/A,N/A,N/A
https://www.amazon.in/Gizga-Essentials-Organizer-Multi-Utility-Cosmetics/dp/B09WVRKYCJ,N/A,N/A,N/A,N/A
https://www.amazon.in/STRAUSS-Jute-Yoga-Shoulder-Strap/dp/B0BBWM221J,N/A,N/A,N/A,N/A
https://www.amazon.in/Gear-Classic-Leather-Backpack-LBPCLSLTH0101/dp/B07G4D13LB,N/A,N/A,N/A,N/A
https://www.amazon.in/F-Gear-Bi-Frost-Backpack-Grey/dp/B01JGD0FYM,N/A,N/A,N/A,N/A
https://www.amazon.in/Trends-Light-Weight-Unisex-Sling/dp/B07MX7PFQT,N/A,N/A,N/A,N/A
https://www.amazon.in/Tabelito%C2%AE-VOLT-waterproof-Backpack-Compatible/dp/B0BML7Q3J1,N/A,N/A,N/A,N/A
https://www.amazon.in/Vivinkaa-Womens-Sling-Bag-Blue/dp/B077WSKG53,N/A,N/A,N/A,N/A
https://www.amazon.in/ADISA-BP004-Weight-Casual-Backpack/dp/B07G3F1G7T,N/A,N/A,N/A,N/A
https://www.amazon.in/Veneer-Backpack-Fashion-Leather-College/dp/B09BMG8R6Y,N/A,N/A,N/A,N/A
https://www.amazon.in/Wooum-Resisitance-Shoulder-Business-Messenger/dp/B0993Q72WD,N/A,N/A,N/A,N/A
https://www.amazon.in/F-Gear-Yakuza-Brown-Laptop-Backpack/dp/B071VNWC1C,N/A,N/A,N/A,N/A
https://www.amazon.in/Polestar-Liters-Polyester-Casual-Backpack/dp/B09243WY6M,N/A,N/A,N/A,N/A
https://www.amazon.in/Gear-Polyester-Laptop-Backpack-LBPECONO10412/dp/B012NW0J30,N/A,N/A,N/A,N/A
https://www.amazon.in/Pramadda-Pure-Luxury-Backpack-Bagpacks/dp/B0C6NNPZTC,N/A,N/A,N/A,N/A
https://www.amazon.in/Mokobara-Backpack-litre-Brown-laptop/dp/B095PC3QPV,N/A,N/A,N/A,N/A
https://www.amazon.in/Wildcraft-Polyester-Black-Laptop-8903338054290/dp/B012D4QKHW,N/A,N/A,N/A,N/A
https://www.amazon.in/MOKOBARA-Transit-Backpack-Laptop-Crypto/dp/B0B6CM781M,N/A,N/A,N/A,N/A
https://www.amazon.in/Kenneth-Cole-Reaction-Polyester-Backpack/dp/B07GX3PWNK,N/A,N/A,N/A,N/A
https://www.amazon.in/Gear-Superior-Backpack-Orange-Black-BKPSPRIOR0601/dp/B08D76PV8B,N/A,N/A,N/A,N/A
